Workbook
Name _: "SQRT"
Name __________________________NSO2: {"'Sheet1'!$L$16"}
Name __________________________NSO2: {"'Sheet1'!$L$16"}
Name __________________________NSO2: {"'Sheet1'!$L$16"}
Name _________________________NSO2: {"'Sheet1'!$L$16"}
Name _________________________NSO2: {"'Sheet1'!$L$16"}
Name _________________________NSO2: {"'Sheet1'!$L$16"}
Name ________________________NSO2: {"'Sheet1'!$L$16"}
Name ________________________NSO2: {"'Sheet1'!$L$16"}
Name ________________________NSO2: {"'Sheet1'!$L$16"}
Name _______________________f5: {"'Sheet1'!$L$16"}
Name _______________________f5: {"'Sheet1'!$L$16"}
Name _______________________f5: {"'Sheet1'!$L$16"}
Name _______________________NSO2: {"'Sheet1'!$L$16"}
Name _______________________NSO2: {"'Sheet1'!$L$16"}
Name _______________________NSO2: {"'Sheet1'!$L$16"}
Name ______________________f5: {"'Sheet1'!$L$16"}
Name ______________________f5: {"'Sheet1'!$L$16"}
Name ______________________f5: {"'Sheet1'!$L$16"}
Name ______________________NSO2: {"'Sheet1'!$L$16"}
Name ______________________NSO2: {"'Sheet1'!$L$16"}
Name ______________________NSO2: {"'Sheet1'!$L$16"}
Name _____________________f5: {"'Sheet1'!$L$16"}
Name _____________________f5: {"'Sheet1'!$L$16"}
Name _____________________f5: {"'Sheet1'!$L$16"}
Name _____________________NSO2: {"'Sheet1'!$L$16"}
Name _____________________NSO2: {"'Sheet1'!$L$16"}
Name _____________________NSO2: {"'Sheet1'!$L$16"}
Name ____________________f5: {"'Sheet1'!$L$16"}
Name ____________________f5: {"'Sheet1'!$L$16"}
Name ____________________f5: {"'Sheet1'!$L$16"}
Name ____________________NSO2: {"'Sheet1'!$L$16"}
Name ____________________NSO2: {"'Sheet1'!$L$16"}
Name ____________________NSO2: {"'Sheet1'!$L$16"}
Name ___________________f5: {"'Sheet1'!$L$16"}
Name ___________________f5: {"'Sheet1'!$L$16"}
Name ___________________f5: {"'Sheet1'!$L$16"}
Name ___________________NSO2: {"'Sheet1'!$L$16"}
Name ___________________NSO2: {"'Sheet1'!$L$16"}
Name ___________________NSO2: {"'Sheet1'!$L$16"}
Name __________________f5: {"'Sheet1'!$L$16"}
Name __________________f5: {"'Sheet1'!$L$16"}
Name __________________f5: {"'Sheet1'!$L$16"}
Name __________________NSO2: {"'Sheet1'!$L$16"}
Name __________________NSO2: {"'Sheet1'!$L$16"}
Name __________________NSO2: {"'Sheet1'!$L$16"}
Name _________________f5: {"'Sheet1'!$L$16"}
Name _________________f5: {"'Sheet1'!$L$16"}
Name _________________f5: {"'Sheet1'!$L$16"}
Name _________________NSO2: {"'Sheet1'!$L$16"}
Name _________________NSO2: {"'Sheet1'!$L$16"}
Name _________________NSO2: {"'Sheet1'!$L$16"}
Name ________________f5: {"'Sheet1'!$L$16"}
Name ________________f5: {"'Sheet1'!$L$16"}
Name ________________f5: {"'Sheet1'!$L$16"}
Name ________________NSO2: {"'Sheet1'!$L$16"}
Name ________________NSO2: {"'Sheet1'!$L$16"}
Name ________________NSO2: {"'Sheet1'!$L$16"}
Name _______________f5: {"'Sheet1'!$L$16"}
Name _______________f5: {"'Sheet1'!$L$16"}

Sheet KL RIENG
A1: KHỐI LƯỢNG RIÊNG VẬT LIỆU
A2: STT | B2: VẬT LIỆU | C2: KL RIÊNG (kg/dm3)
A3: I | B3: THÉP
A4: 1 | B4: SPHC | C4: 7.85
A5: =+A4+1 -> 2 | B5: SPCC | C5: 7.85
A6: =+A5+1 -> 3 | B6: SS400 | C6: 7.85
A7: =+A6+1 -> 4 | B7: C45 | C7: 7.85
A8: =+A7+1 -> 5 | B8: CT380 | C8: 7.85
A9: =+A8+1 -> 6 | B9: SKD11 | C9: 7.85
A10: =+A9+1 -> 7 | B10: SKD61 | C10: 7.85
A11: =+A10+1 -> 8 | B11: S355 | C11: 7.85
A12: =+A11+1 -> 9
A13: =+A12+1 -> 10
A14: =+A13+1 -> 11
A15: =+A14+1 -> 12
A16: =+A15+1 -> 13
A17: =+A16+1 -> 14
A18: =+A17+1 -> 15
A19: II | B19: INOX
A20: 1 | B20: SUS304 | C20: 7.93
A21: =+A20+1 -> 2 | B21: SUS430 | C21: 7.93
A22: =+A21+1 -> 3 | B22: …
A23: =+A22+1 -> 4 | B23: …
A24: III | B24: NHÔM
A25: 1 | B25: AL | C25: 2.73
A26: =+A25+1 -> 2 | B26: AL6061 | C26: 2.73
A27: =+A26+1 -> 3 | B27: …
A28: =+A27+1 -> 4 | B28: …
A29: IV | B29: ĐỒNG
A30: 1 | B30: CU | C30: 8.9
A31: =+A30+1 -> 2 | B31: …
A32: =+A31+1 -> 3 | B32: …
A33: V | B33: NHỰA
A34: 1 | B34: MC | C34: 1.9
A35: =+A34+1 -> 2 | B35: PA | C35: 1.9
A36: =+A35+1 -> 3 | B36: POM | C36: 1.9
A37: =+A36+1 -> 4 | B37: …
A38: VI | B38: VL KHÁC
A39: 1 | B39: W | C39: 19.1
A40: =+A39+1 -> 2 | B40: Ag | C40: 19.5
A41: =+A40+1 -> 3 | B41: Pb | C41: 11.4
A42: =+A41+1 -> 4 | B42: Zn | C42: 7.3
A43: =+A42+1 -> 5 | B43: Gang trắng | C43: 7.73
A44: =+A43+1 -> 6 | B44: Gang xám | C44: 7.19
A45: =+A44+1 -> 7 | B45: Hg | C45: 13.6
A46: =+A45+1 -> 8 | B46: …
A47: =+A46+1 -> 9 | B47: …
A48: =+A47+1 -> 10 | B48: …

Sheet THEP HINH
A1: KHỐI LƯỢNG, DIỆN TÍCH XUNG QUANH
A2: STT | B2: Quy cách vật tư | D2: S M/C ngang (mm2) | E2: Chu vi xung quanh OD (mm) | F2: Chu vi xung quanh ID | G2: Quy cách chung | H2: Mã
B3: Quy cách | C3: dày
A4: I | B4: CHANNEL
A5: 1 | B5: C40x25x2.5 | C5: 2.5 | D5: 210 | E5: 146.4 | G5: C40x25 | H5: =IF(B5<>0,"TH","") -> TH
A6: =+A5+1 -> 2 | B6: C50x25x3 | C6: 3 | D6: 376.6 | E6: 180.9 | G6: C50x25 | H6: =IF(B6<>0,"TH","") -> TH
A7: =+A6+1 -> 3 | B7: C65x32x4/6 | C7: 4/6 | D7: 608 | E7: 230 | G7: C65x32 | H7: =IF(B7<>0,"TH","") -> TH
A8: =+A7+1 -> 4 | B8: C75x40x5/7 | C8: 5/7 | D8: 881 | E8: 282.4 | G8: C75x40 | H8: =IF(B8<>0,"TH","") -> TH
A9: =+A8+1 -> 5 | B9: C80x40x5 | C9: 5 | D9: 975.45 | E9: 293.1 | G9: C80x40 | H9: =IF(B9<>0,"TH","") -> TH
A10: =+A9+1 -> 6 | B10: C80x45x5.5 | C10: 5.5 | D10: 1048.6 | E10: 313.1 | G10: C80x45 | H10: =IF(B10<>0,"TH","") -> TH
A11: =+A10+1 -> 7 | B11: C100x45x5.3 | C11: 5.3 | D11: 1368.01 | E11: 361.9485 | G11: C100x45 | H11: =IF(B11<>0,"TH","") -> TH
A12: =+A11+1 -> 8 | B12: C100x50x5/7.5 | C12: 5/7.5 | D12: 1188.9 | E12: 369.3 | G12: C100x50 | H12: =IF(B12<>0,"TH","") -> TH
A13: =+A12+1 -> 9 | B13: C120x55x5.5 | C13: 5.5 | D13: 1535.6 | E13: 422.8 | G13: C120x55 | H13: =IF(B13<>0,"TH","") -> TH
A14: =+A13+1 -> 10 | B14: C120x75x5.2 | C14: 5.2 | D14: 1940.26 | E14: 514.69 | G14: C120x75 | H14: =IF(B14<>0,"TH","") -> TH
A15: =+A14+1 -> 11 | B15: C125x65x6/8 | C15: 6/8 | D15: 1708 | E15: 473.1 | G15: C125x65 | H15: =IF(B15<>0,"TH","") -> TH
A16: =+A15+1 -> 12 | B16: C140x60x6.7 | C16: 6.7 | D16: 1918 | E16: 487 | G16: C140x60 | H16: =IF(B16<>0,"TH","") -> TH
A17: =+A16+1 -> 13 | B17: C150x70x6/8.5 | C17: 6/8.5 | D17: 2009 | E17: 544 | G17: C150x70 | H17: =IF(B17<>0,"TH","") -> TH
A18: =+A17+1 -> 14 | B18: C150x75x6.5/10 | C18: 6.5/10 | D18: 2366.7 | E18: 557.4 | G18: C150x75 | H18: =IF(B18<>0,"TH","") -> TH
A19: =+A18+1 -> 15 | B19: C150x75x9/12 | C19: 9/12 | D19: 3059 | E19: 520 | G19: C150x75 | H19: =IF(B19<>0,"TH","") -> TH
A20: =+A19+1 -> 16 | B20: C160x65x4.8 | C20: 4.8 | D20: 1956.65 | E20: 541.48 | G20: C160x65 | H20: =IF(B20<>0,"TH","") -> TH
A21: =+A20+1 -> 17 | B21: C160x65x7.2 | C21: 7.2 | D21: 2325 | E21: 544.4 | G21: C160x65 | H21: =IF(B21<>0,"TH","") -> TH
A22: =+A21+1 -> 18 | B22: C180x70x8 | C22: 8 | D22: 2832 | E22: 597.7 | G22: C180x70 | H22: =IF(B22<>0,"TH","") -> TH
A23: =+A22+1 -> 19 | B23: C180x75x7/10.5 | C23: 7/10.5 | D23: 2720 | E23: 616 | G23: C180x75 | H23: =IF(B23<>0,"TH","") -> TH
A24: =+A23+1 -> 20 | B24: C180x90x7.5/12.5 | C24: 7.5/12.5 | D24: 3457 | E24: 668 | G24: C180x90 | H24: =IF(B24<>0,"TH","") -> TH
A25: =+A24+1 -> 21 | B25: C200x75x8.2 | C25: 8.2 | D25: 3212.55 | E25: 658.24 | G25: C200x75 | H25: =IF(B25<>0,"TH","") -> TH
A26: =+A25+1 -> 22 | B26: C200x80x7.5/11 | C26: 7.5/11 | D26: 3126.2 | E26: 672.5 | G26: C200x80 | H26: =IF(B26<>0,"TH","") -> TH
A27: =+A26+1 -> 23 | B27: C200x90x8/13.5 | C27: 8/13.5 | D27: 3856.5 | E27: 706.9 | G27: C200x90 | H27: =IF(B27<>0,"TH","") -> TH
A28: =+A27+1 -> 24 | B28: C220x77x7/11.5 | C28: 7/11.5 | D28: 3184 | E28: 702 | G28: C220x77 | H28: =IF(B28<>0,"TH","") -> TH
A29: =+A28+1 -> 25 | B29: C250x80x8/12.5 | C29: 8/12.5 | D29: 3851 | E29: 764 | G29: C250x80 | H29: =IF(B29<>0,"TH","") -> TH
A30: =+A29+1 -> 26 | B30: C250x75x25x4.8 | C30: 4.8 | D30: 2008.51 | E30: 846.48 | G30: C250x75x25 | H30: =IF(B30<>0,"TH","") -> TH
A31: =+A30+1 -> 27 | B31: C250x90x9/13 | C31: 9/13 | D31: 4407 | E31: 805.11 | G31: C250x90 | H31: =IF(B31<>0,"TH","") -> TH
A32: =+A31+1 -> 28 | B32: C250x90x11/14.5 | C32: 11/14.5 | D32: 5117 | E32: 792 | G32: C250x90 | H32: =IF(B32<>0,"TH","") -> TH
A33: =+A32+1 -> 29 | B33: C280x100x9/13 | C33: 9/13 | D33: 4937 | E33: 904 | G33: C280x100 | H33: =IF(B33<>0,"TH","") -> TH
A34: =+A33+1 -> 30 | B34: C280x100x11.5/16 | C34: 11.5/16 | D34: 6137 | E34: 888 | G34: C280x100 | H34: =IF(B34<>0,"TH","") -> TH
A35: =+A34+1 -> 31 | B35: C300x90x9/13 | C35: 9/13 | D35: 4857 | E35: 904 | G35: C300x90 | H35: =IF(B35<>0,"TH","") -> TH
A36: =+A35+1 -> 32 | B36: C300x90x10/15.5 | C36: 10/15.5 | D36: 5574 | E36: 884 | G36: C300x90 | H36: =IF(B36<>0,"TH","") -> TH
A37: =+A36+1 -> 33 | B37: C300x90x12/16 | C37: 12/16 | D37: 6190 | E37: 884 | G37: C300x90 | H37: =IF(B37<>0,"TH","") -> TH
A38: =+A37+1 -> 34 | B38: C380x100x10.5/16 | C38: 10.5/16 | D38: 6939 | E38: 1088 | G38: C380x100 | H38: =IF(B38<>0,"TH","") -> TH
A39: =+A38+1 -> 35 | B39: C380x100x13/16.5 | C39: 13/16.5 | D39: 7896 | E39: 1088 | G39: C380x100 | H39: =IF(B39<>0,"TH","") -> TH
A40: =+A39+1 -> 36 | B40: C380x100x13/20 | C40: 13/20 | D40: 8571 | E40: 1064 | G40: C380x100 | H40: =IF(B40<>0,"TH","") -> TH
A41: … | H41: =IF(B41<>0,"TH","")
A42: … | H42: =IF(B42<>0,"TH","")
A43: II | B43: H-BEAM
A44: 1 | B44: H100x50x5/7 | C44: 5/7 | D44: 1185 | E44: 376 | G44: H100x50 | H44: =IF(B44<>0,"TH","") -> TH
A45: =+A44+1 -> 2 | B45: H100x100x6/8 | C45: 6/8 | D45: 2190 | E45: 574.3 | G45: H100x100 | H45: =IF(B45<>0,"TH","") -> TH
A46: =+A45+1 -> 3 | B46: H125x60x6/8 | C46: 6/8 | D46: 1684 | E46: 463 | G46: H125x60 | H46: =IF(B46<>0,"TH","") -> TH
A47: =+A46+1 -> 4 | B47: H125x125x9/6.5 | C47: 9/6.5 | D47: 3031 | E47: 723.3 | G47: H125x125 | H47: =IF(B47<>0,"TH","") -> TH
A48: =+A47+1 -> 5 | B48: H150x75x5/7 | C48: 5/7 | D48: 1784.94 | E48: 576.27 | G48: H150x75 | H48: =IF(B48<>0,"TH","") -> TH
A49: =+A48+1 -> 6 | B49: H150x100x6/9 | C49: 6/9 | D49: 2684 | E49: 669 | G49: H150x100 | H49: =IF(B49<>0,"TH","") -> TH
A50: =+A49+1 -> 7 | B50: H150x150x6/8 | C50: 6/8 | D50: 3259 | E50: 874.3 | G50: H150x150 | H50: =IF(B50<>0,"TH","") -> TH
A51: =+A50+1 -> 8 | B51: H150x150x7/10 | C51: 7/10 | D51: 4014 | E51: 872.3 | G51: H150x150 | H51: =IF(B51<>0,"TH","") -> TH
A52: =+A51+1 -> 9 | B52: H175x90x5/8 | C52: 5/8 | D52: 2304 | E52: 685 | G52: H175x90 | H52: =IF(B52<>0,"TH","") -> TH
A53: =+A52+1 -> 10 | B53: H175x175x7.5/11 | C53: 7.5/11 | D53: 5121 | E53: 1014 | G53: H175x175 | H53: =IF(B53<>0,"TH","") -> TH
A54: =+A53+1 -> 11 | B54: H198x99x4.5/7 | C54: 4.5/7 | D54: 2318 | E54: 764 | G54: H198x99 | H54: =IF(B54<>0,"TH","") -> TH
A55: =+A54+1 -> 12 | B55: H194x150x6/9 | C55: 6/9 | D55: 3810.94 | E55: 962.27 | G55: H194x150 | H55: =IF(B55<>0,"TH","") -> TH
A56: =+A55+1 -> 13 | B56: H200x100x5.5/8 | C56: 5.5/8 | D56: 2716 | E56: 775.3 | G56: H200x100 | H56: =IF(B56<>0,"TH","") -> TH
... A108: =+A107+1 -> 65 | B108: H912x302x18/34 | C108: 18/34 | D108: 36400 | E108: 2948 | G108: H912x302 | H108: =IF(B108<>0,"TH","") -> TH
A109: … | H109: =IF(B109<>0,"TH","")
A110: … | H110: =IF(B110<>0,"TH","")
A111: III | B111: I-BEAM
A112: 1 | B112: I100x50x5/7 | C112: 5/7 | D112: 1090 | E112: 365 | G112: I100x50 | H112: =IF(B112<>0,"TH","") -> TH
A113: =+A112+1 -> 2 | B113: I100x75x5/8 | C113: 5/8 | D113: 1343 | E113: 462 | G113: I100x75 | H113: =IF(B113<>0,"TH","") -> TH
A114: =+A113+1 -> 3 | B114: I120x64x5 | C114: 5 | D114: 1536.92 | E114: 459.21 | G114: I120x64 | H114: =IF(B114<>0,"TH","") -> TH
A115: =+A114+1 -> 4 | B115: I125x75x5.5/9.5 | C115: 5.5/9.5 | D115: 2045 | E115: 502.2 | G115: I125x75 | H115: =IF(B115<>0,"TH","") -> TH
A116: =+A115+1 -> 5 | B116: I150x74x5.5/9.5 | C116: 5.5/9.5 | D116: 2180.6 | E116: 552.2 | G116: I150x74 | H116: =IF(B116<>0,"TH","") -> TH
A117: =+A116+1 -> 6 | B117: I150x75x5.5/9.5 | C117: 5.5/9.5 | D117: 2183 | E117: 552.2 | G117: I150x75 | H117: =IF(B117<>0,"TH","") -> TH
A118: =+A117+1 -> 7 | B118: I150x125x8.5/14 | C118: 8.5/14 | D118: 4615 | E118: 731 | G118: I150x125 | H118: =IF(B118<>0,"TH","") -> TH
A119: =+A118+1 -> 8 | B119: I180x125x6/10 | C119: 6/10 | D119: 3006 | E119: 808 | G119: I180x125 | H119: =IF(B119<>0,"TH","") -> TH
A120: =+A119+1 -> 9 | B120: I180x100x7/10 | C120: 7/10 | D120: 3306 | E120: 706 | G120: I180x100 | H120: =IF(B120<>0,"TH","") -> TH
A121: =+A120+1 -> 10 | B121: I194x150x9 | C121: 9 | D121: 6409.4 | E121: 912.9 | G121: I194x150 | H121: =IF(B121<>0,"TH","") -> TH
A122: =+A121+1 -> 11 | B122: I200x100x9/16 | C122: 9/16 | D122: 6416 | E122: 722 | G122: I200x100 | H122: =IF(B122<>0,"TH","") -> TH
A123: =+A122+1 -> 12 | B123: I200x150x7.5/12.5 | C123: 7.5/12.5 | D123: 4879 | E123: 937 | G123: I200x150 | H123: =IF(B123<>0,"TH","") -> TH
A124: =+A123+1 -> 13 | B124: I200x125x10/19 | C124: 10/19 | D124: 7073 | E124: 896 | G124: I200x125 | H124: =IF(B124<>0,"TH","") -> TH
A125: =+A124+1 -> 14 | B125: I200x125x8/13 | C125: 8/13 | D125: 6158 | E125: 936 | G125: I200x125 | H125: =IF(B125<>0,"TH","") -> TH
A126: =+A125+1 -> 15 | B126: I250x116x7 | C126: 7 | D126: 4544.44 | E126: 893.55 | G126: I250x116 | H126: =IF(B126<>0,"TH","") -> TH
A127: =+A126+1 -> 16 | B127: I250x125x7.5/12.5 | C127: 7.5/12.5 | D127: 4610.2 | E127: 724.9 | G127: I250x125 | H127: =IF(B127<>0,"TH","") -> TH
A128: =+A127+1 -> 17 | B128: I300x150x10/18.5 | C128: 10/18.5 | D128: 8347 | E128: 1104.29 | G128: I300x150 | H128: =IF(B128<>0,"TH","") -> TH
A129: =+A128+1 -> 18 | B129: I300x150x11.5/22 | C129: 11.5/22 | D129: 9788 | E129: 1085 | G129: I300x150 | H129: =IF(B129<>0,"TH","") -> TH
A130: =+A129+1 -> 19 | B130: I350x150x9/15 | C130: 9/15 | D130: 7458 | E130: 1230 | G130: I350x150 | H130: =IF(B130<>0,"TH","") -> TH
A131: =+A130+1 -> 20 | B131: I350x150x12/24 | C131: 12/24 | D131: 11110 | E131: 1176 | G131: I350x150 | H131: =IF(B131<>0,"TH","") -> TH
A132: =+A131+1 -> 21 | B132: I400x150x10/18 | C132: 10/18 | D132: 9173 | E132: 1312 | G132: I400x150 | H132: =IF(B132<>0,"TH","") -> TH
A133: =+A132+1 -> 22 | B133: I400x150x12.5/25 | C133: 12.5/25 | D133: 12210 | E133: 1267 | G133: I400x150 | H133: =IF(B133<>0,"TH","") -> TH
A134: =+A133+1 -> 23 | B134: I450x175x11/20 | C134: 11/20 | D134: 11680 | E134: 1502 | G134: I450x175 | H134: =IF(B134<>0,"TH","") -> TH
A135: =+A134+1 -> 24 | B135: I450x175x13/26 | C135: 13/26 | D135: 14610 | E135: 1466 | G135: I450x175 | H135: =IF(B135<>0,"TH","") -> TH
A136: =+A135+1 -> 25 | B136: I600x190x13/25 | C136: 13/25 | D136: 16940 | E136: 1834 | G136: I600x190 | H136: =IF(B136<>0,"TH","") -> TH
A137: =+A136+1 -> 26 | B137: I600x190x16/35 | C137: 16/35 | D137: 22450 | E137: 1776 | G137: I600x190 | H137: =IF(B137<>0,"TH","") -> TH
A138: … | H138: =IF(B138<>0,"TH","")
A139: … | H139: =IF(B139<>0,"TH","")
A140: IV | B140: ANGLE DIFFERENT
A141: 1 | B141: L50x40x5 | C141: 5 | D141: 419.7 | E141: 173.6 | G141: L50x40 | H141: =IF(B141<>0,"TH","") -> TH
A142: =+A141+1 -> 2 | B142: L90x75x9 | C142: 9 | D142: 1404 | E142: 330 | G142: L90x75 | H142: =IF(B142<>0,"TH","") -> TH
A143: =+A142+1 -> 3 | B143: L100x63x6 | C143: 6 | D143: 961.74 | E143: 319.99 | G143: L100x63 | H143: =IF(B143<>0,"TH","") -> TH
A144: =+A143+1 -> 4 | B144: L100x75x7 | C144: 7 | D144: 1187 | E144: 350 | G144: L100x75 | H144: =IF(B144<>0,"TH","") -> TH
A145: =+A144+1 -> 5 | B145: L100x75x10 | C145: 10 | D145: 1650 | E145: 350 | G145: L100x75 | H145: =IF(B145<>0,"TH","") -> TH
A146: =+A145+1 -> 6 | B146: L125x75x7 | C146: 7 | D146: 1361.8 | E146: 391.5 | G146: L125x75 | H146: =IF(B146<>0,"TH","") -> TH
A147: =+A146+1 -> 7 | B147: L125x75x10 | C147: 10 | D147: 1900.5 | E147: 389.7 | G147: L125x75 | H147: =IF(B147<>0,"TH","") -> TH
A148: =+A147+1 -> 8 | B148: L125x75x13 | C148: 13 | D148: 2431 | E148: 400 | G148: L125x75 | H148: =IF(B148<>0,"TH","") -> TH
A149: =+A148+1 -> 9 | B149: L125x90x10 | C149: 10 | D149: 2050 | E149: 430 | G149: L125x90 | H149: =IF(B149<>0,"TH","") -> TH
A150: =+A149+1 -> 10 | B150: L125x90x13 | C150: 13 | D150: 2626 | E150: 430 | G150: L125x90 | H150: =IF(B150<>0,"TH","") -> TH
A151: =+A150+1 -> 11 | B151: L150x90x9 | C151: 9 | D151: 2094 | E151: 480 | G151: L150x90 | H151: =IF(B151<>0,"TH","") -> TH
...

Sheet Bieu mau
G1: ĐỊNH MỨC VẬT TƯ CƠ KHÍ HẠNG MỤC: ----------
A5: Đơn hàng:
A6: Mã hóa -------:
A7: Lần ban hành:
A9: STT | B9: THÔNG TIN CHI TIẾT | N9: ĐỊNH MỨC | Q9: THÔNG TIN BÁO GIÁ | Y9: ED đen, xi mạ, Sơn | Z9: NGUỒN GỐC | AC9: Ghi chú
B10: Cấp độ | F10: Tên chi tiết | G10: Mã số | H10: Vật liệu | I10: Quy cách chi tiết | N10: ĐVT | O10: Số lượng | Q10: Hình ảnh | R10: KL/ct (Kg) | S10: KL/Bộ (Kg) | T10: Tổng KL/ ĐH (Kg) | U10: KL phôi thành phẩm (BV 3D) (Kg) | V10: Diện tích nhúng ED (m2) | W10: Diện tích sơn (m2) | X10: Mô tả sơ bộ công đoạn gia công | Z10: THACO | AA10: Mua ngoài | AB10: Khách hàng cấp
B11: 1 | C11: 2 | D11: 3 | E11: 4 | I11: Dài | J11: Rộng | K11: Dày | L11: Od | M11: ld | O11: SL/bộ | P11: SL/ĐH
R12: =IFERROR(IFERROR(IF(MID(J12,3,1)="x",(LEFT(J12,2)*2+RIGHT(J12,2)*2-2*4*K12)*K12*I12*VLOOKUP(H12,'KL RIENG'!$B$3:$C$48,2,0)*10^-6,IF(AND(L12<>0,I12<>0,M12="",K12=""),(L12*L12*3.14/4)*I12*VLOOKUP(H12,'KL RIENG'!$B$2:$C$48,2,0)*10^-6,IF(AND(L12<>0,K12<>0,M12="",I12=""),(3.14/4)*L12*L12*K12*VLOOKUP(H12,'KL RIENG'!$B$2:$C$48,2,0)*10^-6,IF(AND(L12<>0,K12<>0,M12<>0,I12=""),(3.14/4)*(L12*L12-M12*M12)*K12*VLOOKUP(H12,'KL RIENG'!$B$2:$C$48,2,0)*10^-6,IF(AND(I12<>0,K12<>0,L12<>0,M12=""),(L12*L12-(L12-2*K12)*(L12-2*K12))*3.14/4*I12*VLOOKUP(H12,'KL RIENG'!$B$2:$C$48,2,0)*10^-6,IF(AND(I12<>0,K12="",L12<>0,M12<>0),(L12*L12-M12*M12)*3.14/4*I12*VLOOKUP(H12,'KL RIENG'!$B$2:$C$48,2,0)*10^-6,I12*J12*K12*VLOOKUP(H12,'KL RIENG'!$B$2:$C$48,2,0)*10^-6)))))),VLOOKUP(J12,'THEP HINH'!$B$2:$F$287,3,0)*I12*VLOOKUP(H12,'KL RIENG'!$B$2:$C$48,2,0)*10^-6),"") | S12: =IFERROR(IF(R12<>0,R12*O12,VLOOKUP(J12,'THEP HINH'!$B$286:$E$1048576,3,0)*O12),"") -> 0 | T12: =IFERROR(P12*R12,"") -> 0
R13: =IFERROR(IFERROR(IF(MID(J13,3,1)="x",(LEFT(J13,2)*2+RIGHT(J13,2)*2-2*4*K13)*K13*I13*VLOOKUP(H13,'KL RIENG'!$B$3:$C$48,2,0)*10^-6,IF(AND(L13<>0,I13<>0,M13="",K13=""),(L13*L13*3.14/4)*I13*VLOOKUP(H13,'KL RIENG'!$B$2:$C$48,2,0)*10^-6,IF(AND(L13<>0,K13<>0,M13="",I13=""),(3.14/4)*L13*L13*K13*VLOOKUP(H13,'KL RIENG'!$B$2:$C$48,2,0)*10^-6,IF(AND(L13<>0,K13<>0,M13<>0,I13=""),(3.14/4)*(L13*L13-M13*M13)*K13*VLOOKUP(H13,'KL RIENG'!$B$2:$C$48,2,0)*10^-6,IF(AND(I13<>0,K13<>0,L13<>0,M13=""),(L13*L13-(L13-2*K13)*(L13-2*K13))*3.14/4*I13*VLOOKUP(H13,'KL RIENG'!$B$2:$C$48,2,0)*10^-6,IF(AND(I13<>0,K13="",L13<>0,M13<>0),(L13*L13-M13*M13)*3.14/4*I13*VLOOKUP(H13,'KL RIENG'!$B$2:$C$48,2,0)*10^-6,I13*J13*K13*VLOOKUP(H13,'KL RIENG'!$B$2:$C$48,2,0)*10^-6)))))),VLOOKUP(J13,'THEP HINH'!$B$2:$F$287,3,0)*I13*VLOOKUP(H13,'KL RIENG'!$B$2:$C$48,2,0)*10^-6),"") | S13: =IFERROR(IF(R13<>0,R13*O13,VLOOKUP(J13,'THEP HINH'!$B$286:$E$1048576,3,0)*O13),"") -> 0 | T13: =IFERROR(P13*R13,"") -> 0
R14: =IFERROR(IFERROR(IF(MID(J14,3,1)="x",(LEFT(J14,2)*2+RIGHT(J14,2)*2-2*4*K14)*K14*I14*VLOOKUP(H14,'KL RIENG'!$B$3:$C$48,2,0)*10^-6,IF(AND(L14<>0,I14<>0,M14="",K14=""),(L14*L14*3.14/4)*I14*VLOOKUP(H14,'KL RIENG'!$B$2:$C$48,2,0)*10^-6,IF(AND(L14<>0,K14<>0,M14="",I14=""),(3.14/4)*L14*L14*K14*VLOOKUP(H14,'KL RIENG'!$B$2:$C$48,2,0)*10^-6,IF(AND(L14<>0,K14<>0,M14<>0,I14=""),(3.14/4)*(L14*L14-M14*M14)*K14*VLOOKUP(H14,'KL RIENG'!$B$2:$C$48,2,0)*10^-6,IF(AND(I14<>0,K14<>0,L14<>0,M14=""),(L14*L14-(L14-2*K14)*(L14-2*K14))*3.14/4*I14*VLOOKUP(H14,'KL RIENG'!$B$2:$C$48,2,0)*10^-6,IF(AND(I14<>0,K14="",L14<>0,M14<>0),(L14*L14-M14*M14)*3.14/4*I14*VLOOKUP(H14,'KL RIENG'!$B$2:$C$48,2,0)*10^-6,I14*J14*K14*VLOOKUP(H14,'KL RIENG'!$B$2:$C$48,2,0)*10^-6)))))),VLOOKUP(J14,'THEP HINH'!$B$2:$F$287,3,0)*I14*VLOOKUP(H14,'KL RIENG'!$B$2:$C$48,2,0)*10^-6),"") | S14: =IFERROR(IF(R14<>0,R14*O14,VLOOKUP(J14,'THEP HINH'!$B$286:$E$1048576,3,0)*O14),"") -> 0 | T14: =IFERROR(P14*R14,"") -> 0
R15: =IFERROR(IFERROR(IF(MID(J15,3,1)="x",(LEFT(J15,2)*2+RIGHT(J15,2)*2-2*4*K15)*K15*I15*VLOOKUP(H15,'KL RIENG'!$B$3:$C$48,2,0)*10^-6,IF(AND(L15<>0,I15<>0,M15="",K15=""),(L15*L15*3.14/4)*I15*VLOOKUP(H15,'KL RIENG'!$B$2:$C$48,2,0)*10^-6,IF(AND(L15<>0,K15<>0,M15="",I15=""),(3.14/4)*L15*L15*K15*VLOOKUP(H15,'KL RIENG'!$B$2:$C$48,2,0)*10^-6,IF(AND(L15<>0,K15<>0,M15<>0,I15=""),(3.14/4)*(L15*L15-M15*M15)*K15*VLOOKUP(H15,'KL RIENG'!$B$2:$C$48,2,0)*10^-6,IF(AND(I15<>0,K15<>0,L15<>0,M15=""),(L15*L15-(L15-2*K15)*(L15-2*K15))*3.14/4*I15*VLOOKUP(H15,'KL RIENG'!$B$2:$C$48,2,0)*10^-6,IF(AND(I15<>0,K15="",L15<>0,M15<>0),(L15*L15-M15*M15)*3.14/4*I15*VLOOKUP(H15,'KL RIENG'!$B$2:$C$48,2,0)*10^-6,I15*J15*K15*VLOOKUP(H15,'KL RIENG'!$B$2:$C$48,2,0)*10^-6)))))),VLOOKUP(J15,'THEP HINH'!$B$2:$F$287,3,0)*I15*VLOOKUP(H15,'KL RIENG'!$B$2:$C$48,2,0)*10^-6),"") | S15: =IFERROR(IF(R15<>0,R15*O15,VLOOKUP(J15,'THEP HINH'!$B$286:$E$1048576,3,0)*O15),"") -> 0 | T15: =IFERROR(P15*R15,"") -> 0
R16: =IFERROR(IFERROR(IF(MID(J16,3,1)="x",(LEFT(J16,2)*2+RIGHT(J16,2)*2-2*4*K16)*K16*I16*VLOOKUP(H16,'KL RIENG'!$B$3:$C$48,2,0)*10^-6,IF(AND(L16<>0,I16<>0,M16="",K16=""),(L16*L16*3.14/4)*I16*VLOOKUP(H16,'KL RIENG'!$B$2:$C$48,2,0)*10^-6,IF(AND(L16<>0,K16<>0,M16="",I16=""),(3.14/4)*L16*L16*K16*VLOOKUP(H16,'KL RIENG'!$B$2:$C$48,2,0)*10^-6,IF(AND(L16<>0,K16<>0,M16<>0,I16=""),(3.14/4)*(L16*L16-M16*M16)*K16*VLOOKUP(H16,'KL RIENG'!$B$2:$C$48,2,0)*10^-6,IF(AND(I16<>0,K16<>0,L16<>0,M16=""),(L16*L16-(L16-2*K16)*(L16-2*K16))*3.14/4*I16*VLOOKUP(H16,'KL RIENG'!$B$2:$C$48,2,0)*10^-6,IF(AND(I16<>0,K16="",L16<>0,M16<>0),(L16*L16-M16*M16)*3.14/4*I16*VLOOKUP(H16,'KL RIENG'!$B$2:$C$48,2,0)*10^-6,I16*J16*K16*VLOOKUP(H16,'KL RIENG'!$B$2:$C$48,2,0)*10^-6)))))),VLOOKUP(J16,'THEP HINH'!$B$2:$F$287,3,0)*I16*VLOOKUP(H16,'KL RIENG'!$B$2:$C$48,2,0)*10^-6),"") | S16: =IFERROR(IF(R16<>0,R16*O16,VLOOKUP(J16,'THEP HINH'!$B$286:$E$1048576,3,0)*O16),"") -> 0 | T16: =IFERROR(P16*R16,"") -> 0
R17: =IFERROR(IFERROR(IF(MID(J17,3,1)="x",(LEFT(J17,2)*2+RIGHT(J17,2)*2-2*4*K17)*K17*I17*VLOOKUP(H17,'KL RIENG'!$B$3:$C$48,2,0)*10^-6,IF(AND(L17<>0,I17<>0,M17="",K17=""),(L17*L17*3.14/4)*I17*VLOOKUP(H17,'KL RIENG'!$B$2:$C$48,2,0)*10^-6,IF(AND(L17<>0,K17<>0,M17="",I17=""),(3.14/4)*L17*L17*K17*VLOOKUP(H17,'KL RIENG'!$B$2:$C$48,2,0)*10^-6,IF(AND(L17<>0,K17<>0,M17<>0,I17=""),(3.14/4)*(L17*L17-M17*M17)*K17*VLOOKUP(H17,'KL RIENG'!$B$2:$C$48,2,0)*10^-6,IF(AND(I17<>0,K17<>0,L17<>0,M17=""),(L17*L17-(L17-2*K17)*(L17-2*K17))*3.14/4*I17*VLOOKUP(H17,'KL RIENG'!$B$2:$C$48,2,0)*10^-6,IF(AND(I17<>0,K17="",L17<>0,M17<>0),(L17*L17-M17*M17)*3.14/4*I17*VLOOKUP(H17,'KL RIENG'!$B$2:$C$48,2,0)*10^-6,I17*J17*K17*VLOOKUP(H17,'KL RIENG'!$B$2:$C$48,2,0)*10^-6)))))),VLOOKUP(J17,'THEP HINH'!$B$2:$F$287,3,0)*I17*VLOOKUP(H17,'KL RIENG'!$B$2:$C$48,2,0)*10^-6),"") | S17: =IFERROR(IF(R17<>0,R17*O17,VLOOKUP(J17,'THEP HINH'!$B$286:$E$1048576,3,0)*O17),"") -> 0 | T17: =IFERROR(P17*R17,"") -> 0
R18: =IFERROR(IFERROR(IF(MID(J18,3,1)="x",(LEFT(J18,2)*2+RIGHT(J18,2)*2-2*4*K18)*K18*I18*VLOOKUP(H18,'KL RIENG'!$B$3:$C$48,2,0)*10^-6,IF(AND(L18<>0,I18<>0,M18="",K18=""),(L18*L18*3.14/4)*I18*VLOOKUP(H18,'KL RIENG'!$B$2:$C$48,2,0)*10^-6,IF(AND(L18<>0,K18<>0,M18="",I18=""),(3.14/4)*L18*L18*K18*VLOOKUP(H18,'KL RIENG'!$B$2:$C$48,2,0)*10^-6,IF(AND(L18<>0,K18<>0,M18<>0,I18=""),(3.14/4)*(L18*L18-M18*M18)*K18*VLOOKUP(H18,'KL RIENG'!$B$2:$C$48,2,0)*10^-6,IF(AND(I18<>0,K18<>0,L18<>0,M18=""),(L18*L18-(L18-2*K18)*(L18-2*K18))*3.14/4*I18*VLOOKUP(H18,'KL RIENG'!$B$2:$C$48,2,0)*10^-6,IF(AND(I18<>0,K18="",L18<>0,M18<>0),(L18*L18-M18*M18)*3.14/4*I18*VLOOKUP(H18,'KL RIENG'!$B$2:$C$48,2,0)*10^-6,I18*J18*K18*VLOOKUP(H18,'KL RIENG'!$B$2:$C$48,2,0)*10^-6)))))),VLOOKUP(J18,'THEP HINH'!$B$2:$F$287,3,0)*I18*VLOOKUP(H18,'KL RIENG'!$B$2:$C$48,2,0)*10^-6),"") | S18: =IFERROR(IF(R18<>0,R18*O18,VLOOKUP(J18,'THEP HINH'!$B$286:$E$1048576,3,0)*O18),"") -> 0 | T18: =IFERROR(P18*R18,"") -> 0
R19: =IFERROR(IFERROR(IF(MID(J19,3,1)="x",(LEFT(J19,2)*2+RIGHT(J19,2)*2-2*4*K19)*K19*I19*VLOOKUP(H19,'KL RIENG'!$B$3:$C$48,2,0)*10^-6,IF(AND(L19<>0,I19<>0,M19="",K19=""),(L19*L19*3.14/4)*I19*VLOOKUP(H19,'KL RIENG'!$B$2:$C$48,2,0)*10^-6,IF(AND(L19<>0,K19<>0,M19="",I19=""),(3.14/4)*L19*L19*K19*VLOOKUP(H19,'KL RIENG'!$B$2:$C$48,2,0)*10^-6,IF(AND(L19<>0,K19<>0,M19<>0,I19=""),(3.14/4)*(L19*L19-M19*M19)*K19*VLOOKUP(H19,'KL RIENG'!$B$2:$C$48,2,0)*10^-6,IF(AND(I19<>0,K19<>0,L19<>0,M19=""),(L19*L19-(L19-2*K19)*(L19-2*K19))*3.14/4*I19*VLOOKUP(H19,'KL RIENG'!$B$2:$C$48,2,0)*10^-6,IF(AND(I19<>0,K19="",L19<>0,M19<>0),(L19*L19-M19*M19)*3.14/4*I19*VLOOKUP(H19,'KL RIENG'!$B$2:$C$48,2,0)*10^-6,I19*J19*K19*VLOOKUP(H19,'KL RIENG'!$B$2:$C$48,2,0)*10^-6)))))),VLOOKUP(J19,'THEP HINH'!$B$2:$F$287,3,0)*I19*VLOOKUP(H19,'KL RIENG'!$B$2:$C$48,2,0)*10^-6),"") | S19: =IFERROR(IF(R19<>0,R19*O19,VLOOKUP(J19,'THEP HINH'!$B$286:$E$1048576,3,0)*O19),"") -> 0 | T19: =IFERROR(P19*R19,"") -> 0

Sheet Định nghĩa tách báo giá
